{"cameraMode":{"drawMode":0,"name":"Shaded","section":"Shading Mode"},"sceneLighting":true,"audioPlay":false,"sceneViewState":{"showFog":true,"showMaterialUpdate":false,"showSkybox":true,"showFlares":true,"showImageEffects":true,"showParticleSystems":true},"in2DMode":false,"pivot":{"x":0.01142740249633789,"y":-15.927942276000977,"z":-25.278268814086915},"rotation":{"x":-0.005783556029200554,"y":-0.9548882842063904,"z":0.2963232398033142,"w":-0.018641121685504915},"size":35.56039810180664,"orthographic":false}